DistributionChannel,total_bookings,total_canceled,cancel_rate
TA/TO,19779,5202,0.2630062187168209
GDS,56,7,0.125
Direct,2398,194,0.08090075062552127
Corporate,516,41,0.07945736434108527
